Tom,4,June,2020,09:30,10:30,1,9564,
Tom,8,January,2024,10:30,18:45,4,8462,
Tom,31,July,2022,14:30,21:10,3,8463,
Tom,15,September,2025,17:10,18:30,2,2275,
Tom,13,October,2029,06:30,8:24,4,1526,
Tom,1,June,2027,07:00,11:30,3,5742,
Tom,10,August,2026,12:00,4:55,1,2257,
Tom,27,May,2021,11:45,2:30,4,7593,
Tom,18,April,2020,13:22,5:35,1,2900,
Ben,25,February,2025,8:15,9:55,1,9231,
Ben,20,February,2020,09:30,14:00,4,645,
Tom,15,August,2019,15:40,15:50,4,5842,
Tom,15,August,2019,15:30,15:31,3,9783,
Tom,15,August,2019,15:50,16:50,1,642,
Tom,15,August,2019,16:00,17:00,2,7259,
